id;individual_code;first_name;last_name;country;gender;title;date_of_birth;organization;sector;position;contact_address;work_phone;fax_number;home_phone;email;previous_employment;special_general;special_disaster_management;education_level;trainer;comments
1;0db6c5db-6f7a-43ed-ad6f-0843a8007671;Uriah;Muller;NORWAY;FEMALE;MRS;2019-12-31;Frozen IB;PRIVATE_SECTOR;deposit;Cayman Islands Dollar;30648;85335;92119;Dejah.Brown69@yahoo.com;foreground capacitor Home Loan Account;BROADCASTING_OR_MEDIA;NEEDS_ANALYSIS_AND_IMPLEMENTATION;TERTIARY;NO;Baby
2;940cb056-00c6-44b5-882f-a72d7c9c3cf9;Zoey;Schmeler;DENMARK;FEMALE;MRS;2019-12-31;Facilitator enable Row;REGIONAL_ORGANIZATION;Handmade revolutionary overriding;Reverse-engineered Granite;58338;16050;26814;Geoffrey53@yahoo.com;hacking Personal Loan Account functionalities;TRANSPORT;DAMAGE_ASSEMENT_AND_PLANNING;PRIMARY;NO;Direct Self-enabling
3;14b55893-8a22-4bbe-86e7-c4d510cc607c;Bennett;Roberts;CUBA;MALE;MRS;2019-12-31;Clothing;REGIONAL_ORGANIZATION;compress violet Dobra;Home Loan Account;47401;64341;85506;Orval_Tillman77@gmail.com;Outdoors Handcrafted;MEDICAL_METEREOLOGICAL_SERVICES;COORDINATION;TERTIARY;YES;Rubber Sleek Fresh Car
4;0e0e0870-7c69-493c-8cd9-b8b950b5cb96;Alexis;Kris;AMERICAN_SAMOA;FEMALE;MRS;2019-12-31;panel panel;INTERNATIONAL_ORGANIZATION;TCP;haptic utilize schemas;88994;32565;23188;Ulices32@yahoo.com;Missouri;DISASTER_MANAGEMENT;NEEDS_ANALYSIS_AND_IMPLEMENTATION;PRIMARY;NO;Legacy
5;eb35109f-58dd-444c-8053-5f0b891abfc2;Adelbert;Larson;TUVALU;FEMALE;HON;2019-12-31;Sports bypass back up;INTERNATIONAL_ORGANIZATION;Soft bottom-line Regional;Greens panel;33225;81045;5996;Isom67@gmail.com;User-centric;PUBLIC_WORK_AND_WATER;NEEDS_ANALYSIS_AND_IMPLEMENTATION;SECONDARY;YES;SDR Tools Product
6;58f7338d-5b46-4a97-a281-2c796e753032;Monique;Schmitt;FRANCE;FEMALE;HON;2019-12-31;withdrawal;REGIONAL_ORGANIZATION;transmit deposit benchmark;payment Togo;60437;37997;88940;Julianne.Von73@yahoo.com;interface;FIRST_AID_INSTRUCTOR;MITIGATION_AND_PREVENTION;TERTIARY;NO;Buckinghamshire ivory withdrawal
7;17f3e069-afa3-481b-aedf-59c64b102f3a;Reuben;Nolan;JAPAN;FEMALE;MRS;2019-12-30;Solomon Islands Incredible Steel Mouse;OTHERS;transmitting;navigating;96161;95729;58315;Tony24@hotmail.com;evolve;MARITIME;MITIGATION_AND_PREVENTION;PRIMARY;YES;Business-focused Auto Loan Account Chile
8;26a39387-80ef-4c8d-a9a8-7668f757dc2d;Genoveva;Kassulke;SEYCHELLES;FEMALE;DR;2019-12-31;Cayman Islands Dollar Optimization Salad;REGIONAL_ORGANIZATION;green zero defect pixel;Infrastructure Syrian Arab Republic;72168;17252;12136;Terrance.Lynch@hotmail.com;Operations;LAND_VALUATION;EDUCATION_AND_TRAINING;TERTIARY;NO;COM Dynamic Concrete
9;10a28bfb-08b7-4507-9003-770f7ecbec60;Deondre;Rowe;SOUTH_AFRICA;FEMALE;DR;2019-12-31;Money Market Account circuit Computers;OTHERS;gold;Buckinghamshire success;9142;11836;65309;Ettie89@hotmail.com;transmitting mobile Refined Steel Table;RESEARCH_DEPARTMENT;EDUCATION_AND_TRAINING;TERTIARY;NO;Consultant Auto Loan Account
10;f3fcc930-6764-4aff-a212-1afc6d82bbc4;Allison;Smith;DENMARK;FEMALE;HON;2019-12-30;Well seize;PRIVATE_SECTOR;Internal Republic of Korea;Books;30966;11333;39076;June41@gmail.com;hacking;FIRE_AND_SEARCH_AND_RESCUE;COORDINATION;VOCATIONAL;YES;sky blue
